"","p_val","avg_log2FC","pct.1","pct.2","p_val_adj","gene","ensembl_gene_id","entrezgene_id","threshold_OE","genelabels"
"1",8.30592369714065e-213,1.47894532457917,0.283,0.083,2.17025480282588e-208,"IGFBP7","ENSG00000163453",3490,TRUE,"IGFBP7"
"2",8.74643303134894e-131,1.14235512227412,0.744,0.599,2.28535548676116e-126,"FN1","ENSG00000115414",2335,TRUE,"FN1"
"3",1.16501397431289e-82,1.02479429202768,0.356,0.215,3.04406501348215e-78,"POSTN","ENSG00000133110",10631,TRUE,"POSTN"
"4",3.26528988883605e-77,0.981464018995728,0.521,0.386,8.53187595053972e-73,"IGFBP5","ENSG00000115461",3488,TRUE,"IGFBP5"
"5",1.19816437838361e-202,0.90116343852869,0.774,0.571,3.13068370427854e-198,"LGALS1","ENSG00000100097",3956,TRUE,"LGALS1"
"6",2.92525539468565e-192,0.669842075903235,0.85,0.72,7.64339982077414e-188,"CSRP2","ENSG00000175183",1466,TRUE,"CSRP2"
"7",1.4110773456116e-27,0.664303880830336,0.683,0.621,3.68700399634856e-23,"PTN","ENSG00000105894",5764,TRUE,"PTN"
"8",5.51754851772921e-100,0.617799623862709,0.154,0.045,1.44168025219746e-95,"SPARCL1","ENSG00000152583",8404,TRUE,"SPARCL1"
"9",3.08537550072655e-220,0.596112601741274,0.702,0.471,8.06177764584839e-216,"TNC","ENSG00000041982",3371,TRUE,"TNC"
"10",1.46718166204175e-51,0.577197837482173,0.436,0.314,3.83359896474889e-47,"UACA","ENSG00000137831",55075,TRUE,"UACA"
"11",7.10926560991187e-273,0.576866488595485,0.965,0.874,1.85758001121387e-268,"COL1A2","ENSG00000164692",1278,TRUE,"COL1A2"
"12",1.16529759505068e-76,0.561618542193217,0.722,0.592,3.04480608610793e-72,"COL4A1","ENSG00000187498",1282,TRUE,"COL4A1"
"13",1.73117185346564e-183,0.544913277032976,0.931,0.851,4.52337893592038e-179,"BGN","ENSG00000182492",633,TRUE,"BGN"
"14",2.09200651234218e-226,-0.535232156856736,0.59,0.777,5.46620381609888e-222,"GJA1","ENSG00000152661",2697,TRUE,"GJA1"
"15",6.33715682351474e-222,0.534761647847875,0.525,0.258,1.65583570641617e-217,"ARHGAP29","ENSG00000137962",9411,TRUE,"ARHGAP29"
"16",2.22541530672252e-123,0.521610533334337,0.161,0.039,5.81478765493527e-119,"MMP9","ENSG00000100985",4318,TRUE,"MMP9"
"17",3.01296762196364e-39,0.500290618490971,0.633,0.524,7.8725830994288e-35,"COL1A1","ENSG00000108821",1277,TRUE,"COL1A1"
"18",2.30081720033693e-21,0.491795708344735,0.331,0.256,6.01180526276035e-17,"TAGLN","ENSG00000149591",6876,FALSE,""
"19",6.57310779366432e-117,0.457937998850834,0.809,0.683,1.71748733540655e-112,"TPM2","ENSG00000198467",7169,FALSE,""
"20",2.24165213191808e-69,0.447690814931833,0.573,0.454,5.85721285548876e-65,"SCX","ENSG00000260428",642658,FALSE,""
"21",2.14807940543643e-36,0.43658458280775,0.63,0.544,5.61271667846485e-32,"CCL2","ENSG00000108691",6347,FALSE,""
"22",9.291858095602e-206,0.426108563476132,0.995,0.992,2.42786960179985e-201,"IGFBP2","ENSG00000115457",3485,FALSE,""
"23",3.14540723367673e-80,0.423707081737398,0.899,0.901,8.21863456087392e-76,"DCN","ENSG00000011465",1634,FALSE,""
"24",1.6038597022497e-108,0.419283426784219,0.841,0.659,4.19072501600824e-104,"COL3A1","ENSG00000168542",1281,FALSE,""
"25",8.33065583164938e-186,0.411937131642201,0.627,0.399,2.17671706225167e-181,"IGFBP4","ENSG00000141753",3487,FALSE,""
"26",3.24511035255325e-62,0.394921466893659,0.933,0.925,8.47914884018638e-58,"LUM","ENSG00000139329",4060,FALSE,""
"27",3.26976833817748e-89,0.392930668109918,0.842,0.717,8.54357769082394e-85,"COL6A2","ENSG00000142173",1292,FALSE,""
"28",2.34441142055052e-151,0.391663974972511,0.926,0.838,6.12571260075645e-147,"SERPINH1","ENSG00000149257",871,FALSE,""
"29",3.57545584704277e-107,0.390916497342465,0.792,0.637,9.34230858273805e-103,"TIMP1","ENSG00000102265",7076,FALSE,""
"30",4.42874360415664e-82,0.389076724931978,0.876,0.791,1.15718641633009e-77,"COL4A2","ENSG00000134871",1284,FALSE,""
"31",8.53828198776847e-159,-0.383924618179178,0.819,0.901,2.23096770058402e-154,"COL2A1","ENSG00000139219",1280,FALSE,""
"32",2.9287728853949e-85,0.377347399517927,0.83,0.702,7.65259067224834e-81,"LDHA","ENSG00000288299",3939,FALSE,""
"33",6.66372318269197e-97,-0.376132596597508,0.645,0.74,1.74116423040558e-92,"HMGCS1","ENSG00000112972",3157,FALSE,""
"34",4.87445764497002e-130,-0.373748912014171,0.828,0.877,1.27364703805422e-125,"HMGA1","ENSG00000137309",3159,FALSE,""
"35",9.9661990211921e-69,0.367020913880216,0.207,0.1,2.60406814224728e-64,"CYTOR","ENSG00000222041",112597,FALSE,""
"36",9.38479336839083e-10,0.36125113190032,0.25,0.202,2.45215265922684e-05,"MGP","ENSG00000111341",4256,FALSE,""
"37",1.92091991891995e-86,0.360332826712637,0.798,0.684,5.01917165614595e-82,"THY1","ENSG00000154096",7070,FALSE,""
"38",1.77365176979177e-101,0.348095848445386,0.962,0.925,4.63437470928891e-97,"SEPTIN11","ENSG00000138758",55752,FALSE,""
"39",7.06184996405018e-107,-0.348005008252529,0.938,0.943,1.84519077710667e-102,"MT-ND4L","ENSG00000212907",4539,FALSE,""
"40",1.46760142221767e-64,0.340795549097365,0.943,0.915,3.83469575611255e-60,"ID3","ENSG00000283060",3399,FALSE,""
"41",1.91228458884657e-70,-0.339204903550914,0.558,0.643,4.9966084021972e-66,"IGDCC3","ENSG00000174498",9543,FALSE,""
"42",2.39345000003888e-45,-0.331901976813286,0.573,0.641,6.25384550510158e-41,"EGR1","ENSG00000120738",1958,FALSE,""
"43",0,-0.324271634220483,1,1,0,"RPS29","ENSG00000213741",6235,FALSE,""
"44",2.82887971825975e-67,0.324009496789754,0.908,0.842,7.39157981584089e-63,"SPARC","ENSG00000113140",6678,FALSE,""
"45",5.74761228073395e-78,0.320005730700105,0.513,0.369,1.50179361283297e-73,"NFKBIA","ENSG00000100906",4792,FALSE,""
"46",5.82217463664391e-122,0.315985081571233,0.931,0.856,1.52127601080869e-117,"P4HB","ENSG00000185624",5034,FALSE,""
"47",2.63089001011107e-49,-0.310412019465363,0.516,0.608,6.87425250741921e-45,"CD24","ENSG00000272398",100133941,FALSE,""
"48",1.89407631111091e-162,0.308601246978536,0.327,0.135,4.9490319933017e-158,"IFI16","ENSG00000163565",3428,FALSE,""
"49",6.53403824129284e-62,0.304297433965598,0.355,0.232,1.70727885206741e-57,"MCAM","ENSG00000076706",4162,FALSE,""
"50",9.55302042640019e-48,0.299142216922596,0.923,0.871,2.49610870721411e-43,"IFITM3","ENSG00000142089",10410,FALSE,""
"51",2.19612808389717e-29,-0.29898455499502,0.404,0.481,5.73826307041493e-25,"CENPF","ENSG00000117724",1063,FALSE,""
"52",7.10069254623998e-166,0.298847713374145,0.413,0.198,1.85533995540704e-161,"PRKG1","ENSG00000185532",5592,FALSE,""
"53",5.10546142188432e-74,0.294457677022338,0.149,0.056,1.33400601492415e-69,"ITGA1","ENSG00000213949",3672,FALSE,""
"54",5.91908409989945e-97,-0.29185694387423,0.95,0.984,1.54659748446273e-92,"NR2F1","ENSG00000175745",7025,FALSE,""
"55",3.79050077861373e-30,-0.291854221144807,0.631,0.687,9.90419948443982e-26,"CCN2","ENSG00000118523",1490,FALSE,""
"56",2.62024334992267e-39,0.28907317008893,0.411,0.314,6.84643384901296e-35,"PDE5A","ENSG00000138735",8654,FALSE,""
"57",1.47598735835717e-79,0.287229788772751,0.866,0.769,3.85660736865144e-75,"NR2F2","ENSG00000185551",7026,FALSE,""
"58",2.06189026175886e-40,0.286047060383085,0.834,0.742,5.38751306494973e-36,"COL6A1","ENSG00000142156",1291,FALSE,""
"59",1.48331560998721e-75,0.283045465023818,0.244,0.125,3.87575535733558e-71,"PRSS23","ENSG00000150687",11098,FALSE,""
"60",4.449702349039e-56,-0.282592951285882,0.929,0.955,1.1626627267804e-51,"PEG10","ENSG00000242265",23089,FALSE,""
"61",1.77312194582019e-62,-0.282433648453661,0.612,0.68,4.63299033223357e-58,"MYADM","ENSG00000179820",91663,FALSE,""
"62",1.32765786434882e-58,0.280825002184274,0.993,0.985,3.46903723375702e-54,"VCAN","ENSG00000038427",1462,FALSE,""
"63",3.02378649587418e-81,0.278869227917994,0.999,0.999,7.90085173506964e-77,"TMSB4X","ENSG00000205542",7114,FALSE,""
"64",9.93247860480341e-100,0.277799246551148,0.999,1,2.59525733464908e-95,"VIM","ENSG00000026025",7431,FALSE,""
"65",4.38901113472415e-46,0.277592648370522,0.987,0.977,1.14680471939207e-41,"TPM1","ENSG00000140416",7168,FALSE,""
"66",6.91801518064432e-56,0.277326192841494,0.416,0.284,1.80760818655055e-51,"COL6A3","ENSG00000163359",1293,FALSE,""
"67",3.71650410612939e-65,-0.272010310006075,0.651,0.729,9.71085357890547e-61,"ACAT2","ENSG00000120437",39,FALSE,""
"68",3.23642209568779e-112,0.270832418656873,0.354,0.184,8.45644729382263e-108,"TXNIP","ENSG00000265972",10628,FALSE,""
"69",7.05692737097191e-72,-0.269983025694436,0.718,0.805,1.84390455276125e-67,"GPC3","ENSG00000147257",2719,FALSE,""
"70",1.26542100601601e-139,-0.267895259203919,0.171,0.343,3.30641854661924e-135,"CRLF1","ENSG00000006016",9244,FALSE,""
"71",6.47572084330116e-158,-0.262664651812154,1,1,1.69204109914616e-153,"MT-ND3","ENSG00000198840",4537,FALSE,""
"72",8.52254819504684e-77,-0.260835513890338,0.97,0.974,2.22685661788379e-72,"NASP","ENSG00000132780",4678,FALSE,""
"73",2.04911430909331e-68,-0.257663029960912,0.665,0.724,5.35413077822992e-64,"TMEM97","ENSG00000109084",27346,FALSE,""
"74",2.23321079498524e-22,0.257389620127846,0.528,0.449,5.83515648621693e-18,"SERPINE2","ENSG00000135919",5270,FALSE,""
"75",3.36022699485342e-95,0.257383283175416,0.566,0.394,8.7799371148525e-91,"GSN","ENSG00000148180",2934,FALSE,""
"76",1.53383105648819e-67,0.256300796732311,0.676,0.54,4.00774716749798e-63,"EDNRA","ENSG00000151617",1909,FALSE,""
"77",5.83688996339782e-33,0.255467701443931,0.556,0.459,1.52512097853622e-28,"LAMC1","ENSG00000135862",3915,FALSE,""
"78",2.76944189424498e-156,0.252848817226874,0.999,0.998,7.23627472547272e-152,"FTH1","ENSG00000167996",2495,FALSE,""
"79",2.54514264472361e-78,0.252785578891195,0.915,0.855,6.65020321639833e-74,"RRBP1","ENSG00000125844",6238,FALSE,""
"80",8.206569229335e-65,-0.250853693526394,0.92,0.94,2.14429447393294e-60,"LIMA1","ENSG00000050405",51474,FALSE,""
"81",8.81801488758236e-77,0.25029655946105,0.779,0.651,2.30405910997639e-72,"ARID5B","ENSG00000150347",84159,FALSE,""
"82",1.48472848957484e-71,0.248503731219696,0.475,0.324,3.8794470704101e-67,"GNG11","ENSG00000127920",2791,FALSE,""
"83",5.51537863052465e-39,-0.2472908776668,0.577,0.632,1.44111328236979e-34,"SPRY1","ENSG00000164056",10252,FALSE,""
"84",6.30085682099428e-90,0.246462830543194,0.631,0.456,1.6463508787576e-85,"LHFPL6","ENSG00000183722",10186,FALSE,""
"85",5.41660957798555e-44,0.24606724733422,0.826,0.758,1.41530591663185e-39,"B2M","ENSG00000273686",567,FALSE,""
"86",5.57958879422732e-64,-0.245506347198988,0.901,0.905,1.45789075604366e-59,"PA2G4","ENSG00000170515",5036,FALSE,""
"87",2.16649060089819e-61,0.244583491884712,0.122,0.044,5.66082329108687e-57,"MIR4435-2HG","ENSG00000172965",541471,FALSE,""
"88",4.81847639100974e-82,-0.24457303944671,0.614,0.75,1.25901969620694e-77,"POU3F3","ENSG00000198914",5455,FALSE,""
"89",4.02719052939559e-56,-0.244100830772517,0.912,0.918,1.05226461342577e-51,"DEK","ENSG00000124795",7913,FALSE,""
"90",3.07901278926567e-47,0.243377776965562,0.116,0.049,8.04515251707226e-43,"ANXA1","ENSG00000135046",301,FALSE,""
"91",7.17764435733684e-98,0.241777337627009,0.213,0.085,1.87544669412854e-93,"A2M","ENSG00000175899",2,FALSE,""
"92",4.71379349394599e-243,-0.240216181190331,1,0.999,1.23166710203315e-238,"RPS21","ENSG00000171858",6227,FALSE,""
"93",1.07502151615484e-118,0.23935724412675,0.416,0.228,2.80892371956099e-114,"SLIT2","ENSG00000145147",9353,FALSE,""
"94",9.36391300196617e-61,-0.239118566170248,0.533,0.619,2.44669682828374e-56,"HMGCR","ENSG00000113161",3156,FALSE,""
"95",1.08131474983001e-55,-0.238811705298141,0.539,0.623,2.82536730983084e-51,"SCD","ENSG00000099194",6319,FALSE,""
"96",5.03753902362838e-40,0.2380561458639,0.591,0.48,1.31625857148386e-35,"SVIL","ENSG00000197321",6840,FALSE,""
"97",7.30291616813767e-58,-0.237134623837072,0.979,0.983,1.90817896557269e-53,"H2AFZ",NA,NA,FALSE,""
"98",5.93245029169342e-98,0.236310460640885,0.444,0.272,1.55008993671657e-93,"MSN","ENSG00000147065",4478,FALSE,""
"99",4.39688779110515e-74,-0.235623194910637,0.235,0.37,1.14886281093786e-69,"VEGFD","ENSG00000165197",2277,FALSE,""
"100",4.43462429442374e-53,0.232781276234719,0.596,0.479,1.15872298188998e-48,"TSC22D3","ENSG00000157514",1831,FALSE,""
"101",1.97860805158208e-55,-0.231524188264151,0.816,0.847,5.16990497797882e-51,"FDPS","ENSG00000160752",2224,FALSE,""
"102",2.1755941230208e-54,-0.230383021953885,0.187,0.288,5.68460988404105e-50,"TBX3","ENSG00000135111",6926,FALSE,""
"103",4.16170934912463e-59,0.230080154638615,0.649,0.521,1.08741303583277e-54,"SEMA5A","ENSG00000112902",9037,FALSE,""
"104",2.16759047656744e-50,-0.229120322029042,0.23,0.329,5.66369715622306e-46,"LIX1","ENSG00000145721",167410,FALSE,""
"105",9.98620270688473e-63,0.228951735238859,0.558,0.412,2.60929490528191e-58,"COL5A1","ENSG00000130635",1289,FALSE,""
"106",2.3961732758993e-52,0.228594174069753,0.553,0.431,6.26096115259728e-48,"DGKH","ENSG00000102780",160851,FALSE,""
"107",3.16944250751823e-90,0.227919381554705,0.502,0.335,8.28143632789438e-86,"PHLDB1","ENSG00000019144",23187,FALSE,""
"108",2.35203702481553e-52,-0.22745620183785,0.793,0.857,6.1456375421405e-48,"LIMCH1","ENSG00000064042",22998,FALSE,""
"109",3.7550216681949e-49,-0.225839216959599,0.634,0.698,9.81149611682645e-45,"IDI1","ENSG00000067064",3422,FALSE,""
"110",7.40835435656694e-64,-0.22470870756248,0.624,0.685,1.93572890982738e-59,"MT-ATP8","ENSG00000228253",4509,FALSE,""
"111",3.946297941835e-32,-0.224309924846628,0.879,0.903,1.03112818922207e-27,"CRABP2","ENSG00000143320",1382,FALSE,""
"112",7.16636123509573e-59,0.224023931471791,0.666,0.528,1.87249852711816e-54,"PDGFRB","ENSG00000113721",5159,FALSE,""
"113",1.87562653182317e-14,0.222979787097671,0.728,0.681,4.90082456500077e-10,"COTL1","ENSG00000103187",23406,FALSE,""
"114",1.13047264760579e-55,-0.221591871928051,0.617,0.694,2.95381198092918e-51,"SQLE","ENSG00000104549",6713,FALSE,""
"115",3.01771767677277e-23,-0.2215861961131,0.301,0.352,7.88499451763956e-19,"LRRC75A","ENSG00000181350",388341,FALSE,""
"116",4.77651093330053e-50,0.219799323128343,0.283,0.176,1.2480545417621e-45,"HES4","ENSG00000188290",57801,FALSE,""
"117",1.3839971210386e-44,-0.217511940698193,0.758,0.785,3.61624607756175e-40,"CENPV","ENSG00000166582",201161,FALSE,""
"118",1.99725351125469e-109,0.216525295145032,0.991,0.975,5.21862369955738e-105,"SSR2","ENSG00000163479",6746,FALSE,""
"119",4.71032064067996e-21,-0.215257715288368,0.387,0.432,1.23075968020327e-16,"KLF10","ENSG00000155090",7071,FALSE,""
"120",2.56110622193733e-111,-0.214876198998236,0.997,0.996,6.69191444730004e-107,"YWHAE","ENSG00000274474",7531,FALSE,""
"121",2.45645666066056e-31,0.214660272863392,0.341,0.256,6.41847560863997e-27,"TAGLN2","ENSG00000158710",8407,FALSE,""
"122",4.09720357663748e-41,-0.21352945600337,0.827,0.854,1.07055832253961e-36,"CCND1","ENSG00000110092",595,FALSE,""
"123",2.24581835013808e-67,-0.212605783380122,0.941,0.935,5.86809876707579e-63,"PET100","ENSG00000229833",100131801,FALSE,""
"124",4.07042361901073e-36,-0.21175584826534,0.516,0.578,1.06356098741131e-31,"BARX1","ENSG00000131668",56033,FALSE,""
"125",1.37737016040637e-31,-0.211299397217038,0.631,0.67,3.59893049212581e-27,"HELLS","ENSG00000119969",3070,FALSE,""
"126",4.13717686872073e-40,-0.211073396923052,0.458,0.512,1.08100294402804e-35,"DTNBP1","ENSG00000047579",84062,FALSE,""
"127",2.49883208634896e-65,0.210527077743798,0.983,0.959,6.5291983584212e-61,"PPIB","ENSG00000166794",5479,FALSE,""
"128",1.60379387541489e-68,-0.210050195652509,0.936,0.941,4.19055301707156e-64,"SLIRP","ENSG00000119705",81892,FALSE,""
"129",2.3490010769295e-78,0.209042316897993,0.615,0.445,6.13770491390909e-74,"SELENOM","ENSG00000198832",140606,FALSE,""
"130",8.38484803454557e-94,0.208759681305683,0.997,0.997,2.19087694294641e-89,"FTL","ENSG00000087086",2512,FALSE,""
"131",1.23610602219492e-50,0.20862821260141,0.887,0.819,3.22982142539311e-46,"ZFP36L1","ENSG00000185650",677,FALSE,""
"132",1.45041688786122e-37,-0.208020758119026,0.406,0.471,3.78979428629259e-33,"MGST1","ENSG00000008394",4257,FALSE,""
"133",2.40943427067249e-40,0.207178345853491,0.273,0.177,6.29561080584014e-36,"INHBA","ENSG00000122641",3624,FALSE,""
"134",6.84934860832242e-34,-0.2070073874169,0.313,0.385,1.78966629786856e-29,"CKB","ENSG00000166165",1152,FALSE,""
"135",4.90878343340034e-36,0.20680659777429,0.88,0.836,1.28261602331317e-31,"SFRP1","ENSG00000104332",6422,FALSE,""
"136",0.0040288512203289,-0.206117143733951,0.413,0.409,1,"FOS","ENSG00000170345",2353,FALSE,""
"137",3.1638351918241e-71,-0.205606179932814,0.238,0.362,8.26678497271719e-67,"EN2","ENSG00000164778",2020,FALSE,""
"138",5.55048436217002e-63,0.204688427047349,0.96,0.912,1.4502860589914e-58,"CD99","ENSG00000002586",4267,FALSE,""
"139",2.66442162359691e-74,0.204684387256812,0.364,0.222,6.96186726029636e-70,"LOXL2","ENSG00000134013",4017,FALSE,""
"140",3.50231476737027e-48,-0.204438974615315,0.764,0.803,9.15119825566178e-44,"FDFT1","ENSG00000284967",2222,FALSE,""
"141",1.15488646631918e-80,-0.204195619823296,0.978,0.973,3.01760284784539e-76,"SNRPF","ENSG00000139343",6636,FALSE,""
"142",7.50453767825925e-48,-0.204161170903088,0.797,0.836,1.96086064995236e-43,"TMSB15A","ENSG00000158164",11013,FALSE,""
"143",5.81124143024514e-42,0.203727308511614,0.604,0.493,1.51841927330875e-37,"TBX2","ENSG00000121068",6909,FALSE,""
"144",2.33402600099205e-64,-0.203659692729279,0.907,0.918,6.09857653799212e-60,"NDUFB1","ENSG00000183648",4707,FALSE,""
"145",6.3561803493584e-176,0.203590875320249,0.163,0.02,1.66080636348386e-171,"DSP","ENSG00000096696",1832,FALSE,""
"146",2.39620949356314e-94,0.20266469170702,0.564,0.385,6.26105578573112e-90,"OLFM2","ENSG00000105088",93145,FALSE,""
"147",1.26424977811378e-75,0.20232237424702,0.477,0.323,3.3033582452335e-71,"RRAS","ENSG00000126458",6237,FALSE,""
"148",1.512487674001e-55,0.201789159101114,0.709,0.575,3.95197904339722e-51,"LAMA4","ENSG00000112769",3910,FALSE,""
"149",6.06179017429479e-09,0.201362902521215,0.432,0.38,0.000158388515464149,"ITM2A","ENSG00000078596",9452,FALSE,""
"150",1.46018855754534e-09,0.201081413179349,0.816,0.785,3.81532668201021e-05,"S100A11","ENSG00000163191",6282,FALSE,""
"151",1.47370173181835e-174,-0.200860432186843,1,1,3.85063525506817e-170,"RPL37A","ENSG00000197756",6168,FALSE,""
"152",9.00916162224896e-36,0.20058781553009,0.805,0.739,2.35400384027743e-31,"MMP2","ENSG00000087245",4313,FALSE,""
"153",9.59758861872578e-49,0.199608503423505,0.925,0.877,2.50775393018686e-44,"CALU","ENSG00000128595",813,FALSE,""
"154",1.1129540285446e-77,-0.199143651005901,0.997,0.998,2.90803758118419e-73,"SET","ENSG00000119335",6418,FALSE,""
"155",8.2677182974494e-27,-0.198701666832251,0.658,0.689,2.16027211394055e-22,"HMCN1","ENSG00000143341",83872,FALSE,""
"156",1.45427996196517e-38,-0.198588536309511,0.856,0.878,3.79988811261879e-34,"HMGA2","ENSG00000149948",8091,FALSE,""
"157",1.35741273788481e-66,-0.198503086780376,1,0.999,3.54678374281923e-62,"HMGB1","ENSG00000189403",3146,FALSE,""
"158",9.92970142789224e-58,-0.198132502593583,0.979,0.975,2.59453168609396e-53,"HSPD1","ENSG00000144381",3329,FALSE,""
"159",1.40715372855067e-37,-0.197285748903739,0.859,0.86,3.67675197733004e-33,"MT-ND6","ENSG00000198695",4541,FALSE,""
"160",1.93279345939253e-27,0.197238826530658,0.744,0.685,5.05019603004675e-23,"GAS1","ENSG00000180447",2619,FALSE,""
"161",3.39456058960476e-52,-0.195900562741151,0.726,0.758,8.86964736457827e-48,"SINHCAF","ENSG00000276371",58516,FALSE,""
"162",9.64730307454158e-146,-0.195717001352962,1,1,2.52074382034697e-141,"RPL37","ENSG00000145592",6167,FALSE,""
"163",7.08898450357057e-56,0.19570600799234,0.372,0.249,1.85228076093795e-51,"ZEB2","ENSG00000169554",9839,FALSE,""
"164",3.07902158057131e-79,0.193431765192385,0.51,0.342,8.04517548787478e-75,"NR3C1","ENSG00000113580",2908,FALSE,""
"165",5.86041803204691e-38,-0.192452002056689,0.784,0.799,1.53126862759354e-33,"LMO4","ENSG00000143013",8543,FALSE,""
"166",1.38419980103532e-49,0.192384865337225,0.858,0.787,3.61677566012518e-45,"KDELR2","ENSG00000136240",11014,FALSE,""
"167",7.64511087750751e-37,-0.191206796478885,0.508,0.578,1.99759102118394e-32,"MSMO1","ENSG00000052802",6307,FALSE,""
"168",2.52715133607734e-106,-0.191160540296901,0.997,0.998,6.60319372603649e-102,"HMGN1","ENSG00000205581",3150,FALSE,""
"169",1.40359945253685e-57,0.191123821182918,0.962,0.92,3.66746500953354e-53,"AP2S1","ENSG00000042753",1175,FALSE,""
"170",9.04015830383215e-98,-0.190920516644375,0.994,0.994,2.3621029632083e-93,"SERBP1","ENSG00000142864",26135,FALSE,""
"171",6.6271736061544e-54,0.190807669982288,0.824,0.729,1.73161419155208e-49,"LAMB1","ENSG00000091136",3912,FALSE,""
"172",5.00508516795628e-63,0.189639530592642,0.943,0.884,1.3077787035353e-58,"CDC42EP5","ENSG00000273622",148170,FALSE,""
"173",1.36871279588644e-57,-0.188851042085345,0.998,0.997,3.57630966437167e-53,"NCL","ENSG00000115053",4691,FALSE,""
"174",6.11070669882272e-61,0.188840355262527,0.841,0.737,1.59666655333539e-56,"SEC31A","ENSG00000138674",22872,FALSE,""
"175",5.58813773482509e-45,-0.187479471463292,0.926,0.931,1.46012450873245e-40,"HNRNPAB","ENSG00000197451",3182,FALSE,""
"176",1.05016105658929e-49,0.187379668632609,0.666,0.548,2.74396582476216e-45,"EPS8","ENSG00000151491",2059,FALSE,""
"177",9.0971767562756e-47,0.186472511512172,0.779,0.676,2.37700131464725e-42,"RHOC","ENSG00000155366",389,FALSE,""
"178",1.61088613424935e-41,-0.186091565571838,0.81,0.82,4.20908438018013e-37,"PPA1","ENSG00000180817",5464,FALSE,""
"179",7.10323474712641e-37,-0.185852709050274,0.41,0.487,1.85600420707666e-32,"GPC6","ENSG00000183098",10082,FALSE,""
"180",1.54990479104417e-26,-0.185340652510709,0.562,0.616,4.0497462285193e-22,"SYNE2","ENSG00000054654",23224,FALSE,""
"181",9.64056986593875e-25,-0.185262057963188,0.27,0.334,2.51898450027113e-20,"RARRES2","ENSG00000106538",5919,FALSE,""
"182",1.16351387916442e-15,0.184496127284874,0.256,0.198,3.04014541486872e-11,"CYP1B1","ENSG00000138061",1545,FALSE,""
"183",1.87659108299173e-10,0.183410311325189,0.296,0.245,4.9033448407491e-06,"ANXA2","ENSG00000182718",302,FALSE,""
"184",1.28877382922032e-64,0.183171392526859,0.458,0.308,3.36743713836978e-60,"TCEAL7","ENSG00000182916",56849,FALSE,""
"185",1.01836764865581e-63,-0.182064704365821,0.989,0.988,2.66089282917277e-59,"ATP5ME","ENSG00000169020",521,FALSE,""
"186",4.09601043552087e-50,0.181468925124971,0.951,0.902,1.07024656669725e-45,"BTG1","ENSG00000133639",694,FALSE,""
"187",6.6317747763729e-80,0.181138532269001,0.158,0.057,1.73281643131848e-75,"CCDC144NL-AS1","ENSG00000233098",440416,FALSE,""
"188",2.39870276218957e-33,0.181100514138147,0.487,0.381,6.26757044732512e-29,"COL12A1","ENSG00000111799",1303,FALSE,""
"189",8.97913840859864e-61,0.180531517122163,0.862,0.763,2.34615907478274e-56,"MAGED1","ENSG00000179222",9500,FALSE,""
"190",8.12826787894654e-47,-0.180304309303595,0.955,0.953,2.12383511408994e-42,"CBX5","ENSG00000094916",23468,FALSE,""
"191",7.39609127568312e-48,0.179301436692254,0.791,0.689,1.93252468942324e-43,"FRMD6","ENSG00000139926",122786,FALSE,""
"192",3.9257755208317e-169,-0.178514737712081,0.999,0.999,1.02576588583812e-164,"RPS28","ENSG00000233927",6234,FALSE,""
"193",2.227453635598e-46,-0.177760227195587,0.872,0.884,5.82011360445402e-42,"H2AFY2",NA,NA,FALSE,""
"194",5.52502302610012e-46,-0.176483289254191,0.95,0.947,1.4436332664897e-41,"SNRPD1","ENSG00000167088",6632,FALSE,""
"195",1.05000757585614e-60,0.176339851575574,0.426,0.286,2.7435647949545e-56,"PEAK1","ENSG00000173517",79834,FALSE,""
"196",5.99098027102148e-22,-0.175972075679912,0.853,0.843,1.5653832350152e-17,"DNAJC1","ENSG00000136770",64215,FALSE,""
"197",3.40196802755529e-64,0.175449407515682,0.951,0.896,8.88900225919922e-60,"ARF1","ENSG00000143761",375,FALSE,""
"198",2.45163865009225e-45,0.175412308472965,0.998,0.993,6.40588662882604e-41,"MYL6","ENSG00000092841",4637,FALSE,""
"199",2.07221648292549e-40,0.175064762757701,0.891,0.826,5.41449444823602e-36,"PCDH18","ENSG00000189184",54510,FALSE,""
"200",9.53108865233382e-51,0.174720166789601,0.909,0.833,2.4903781539683e-46,"PNRC1","ENSG00000146278",10957,FALSE,""
"201",6.73791475111139e-30,-0.173983298342451,0.579,0.634,1.7605497453179e-25,"MCM7","ENSG00000166508",4176,FALSE,""
"202",5.37514109820618e-24,0.173637189112481,0.386,0.304,1.40447061755029e-19,"PAG1","ENSG00000076641",55824,FALSE,""
"203",4.43266337051625e-31,-0.172320033398999,0.248,0.319,1.15821061208219e-26,"MECOM","ENSG00000085276",2122,FALSE,""
"204",3.5819646749369e-23,0.172044786373179,0.91,0.881,9.35931549914263e-19,"FSTL1","ENSG00000163430",11167,FALSE,""
"205",9.72745801064823e-29,-0.171930133303785,0.728,0.754,2.54168750360228e-24,"HMGB3","ENSG00000029993",3149,FALSE,""
"206",8.25274961958852e-19,-0.171680020831321,0.172,0.223,2.15636094810229e-14,"CRYM","ENSG00000103316",1428,FALSE,""
"207",7.4562002909009e-52,-0.171608825360343,0.936,0.935,1.9482305740095e-47,"METAP2","ENSG00000111142",10988,FALSE,""
"208",2.203637952151e-34,-0.171370751319482,0.756,0.765,5.75788560517535e-30,"EIF3J","ENSG00000104131",8669,FALSE,""
"209",8.18465601169819e-133,-0.170937634808743,1,1,2.13856876929662e-128,"RPS27","ENSG00000177954",6232,FALSE,""
"210",3.54742178095127e-41,0.170677211664256,0.934,0.883,9.26905837144757e-37,"ITM2B","ENSG00000136156",9445,FALSE,""
"211",2.08269013657556e-49,0.170431337043562,0.522,0.393,5.44186105785827e-45,"LITAF","ENSG00000189067",9516,FALSE,""
"212",2.61042494141731e-49,0.170111091358565,0.859,0.773,6.82077932942929e-45,"ROBO1","ENSG00000169855",6091,FALSE,""
"213",1.56183187236407e-44,-0.169016631675463,0.91,0.915,4.08091049930007e-40,"KTN1","ENSG00000126777",3895,FALSE,""
"214",1.38135444879507e-51,-0.168962937603298,0.992,0.989,3.60934103925665e-47,"RAN","ENSG00000132341",5901,FALSE,""
"215",4.81525643091066e-27,0.168676229303796,0.781,0.712,1.25817835283265e-22,"PLS3","ENSG00000102024",5358,FALSE,""
"216",8.76352538696299e-50,0.167621393849562,0.507,0.369,2.28982154835956e-45,"PIEZO2","ENSG00000154864",63895,FALSE,""
"217",4.47548834410464e-45,-0.167409662287172,0.968,0.963,1.1694003494311e-40,"HNRNPM","ENSG00000099783",4670,FALSE,""
"218",1.04183700437042e-42,-0.166866423967472,0.927,0.924,2.72221590871947e-38,"SNRPG","ENSG00000143977",6637,FALSE,""
"219",2.49302926880218e-33,0.166612406885407,0.707,0.606,6.51403617645321e-29,"FAT1","ENSG00000083857",2195,FALSE,""
"220",1.93169549272081e-26,0.166529327833075,0.96,0.945,5.04732715293021e-22,"HSPA5","ENSG00000044574",3309,FALSE,""
"221",1.52271798149769e-54,0.166416472007749,0.99,0.977,3.97870981385531e-50,"MAGED2","ENSG00000102316",10916,FALSE,""
"222",3.99764283196391e-43,-0.16639932300774,0.939,0.936,1.04454409556385e-38,"POLR2L","ENSG00000177700",5441,FALSE,""
"223",2.63394410655752e-35,-0.166032282514173,0.688,0.714,6.88223255602415e-31,"SMS","ENSG00000102172",6611,FALSE,""
"224",5.11886323184597e-60,0.165551906137148,0.972,0.942,1.33750777384903e-55,"SSR4","ENSG00000180879",6748,FALSE,""
"225",9.4179818041535e-100,-0.163380159220339,1,1,2.46082446560727e-95,"RPL38","ENSG00000172809",6169,FALSE,""
"226",1.81153383136288e-54,0.163207363548603,0.985,0.965,4.73335674796808e-50,"SEC61B","ENSG00000106803",10952,FALSE,""
"227",1.84154919324635e-53,0.162775185949076,0.919,0.86,4.81178388703339e-49,"GUK1","ENSG00000143774",2987,FALSE,""
"228",1.11351892676822e-58,0.1627667521838,0.727,0.59,2.90951360375268e-54,"C1orf54","ENSG00000118292",79630,FALSE,""
"229",3.29796307727525e-25,0.162605763521783,0.865,0.842,8.6172477246125e-21,"MIR100HG","ENSG00000255248",399959,FALSE,""
"230",3.36951399954632e-51,-0.162585435095421,0.985,0.984,8.80420312941458e-47,"CALM2","ENSG00000143933",805,FALSE,""
"231",4.28945405409372e-30,0.162430596255419,0.537,0.448,1.12079144979415e-25,"ITGAV","ENSG00000138448",3685,FALSE,""
"232",5.04446746761916e-28,-0.162193629112025,0.938,0.932,1.31806890461421e-23,"SRSF7","ENSG00000115875",6432,FALSE,""
"233",1.40348228697499e-76,-0.160907524956358,0.992,0.996,3.66715886763695e-72,"NDUFA4","ENSG00000189043",4697,FALSE,""
"234",9.41689116937074e-38,-0.160454723054121,0.933,0.932,2.46053949364488e-33,"TKT","ENSG00000163931",7086,FALSE,""
"235",2.62039850034337e-43,0.160201728933914,0.972,0.948,6.8468392415472e-39,"LAPTM4A","ENSG00000068697",9741,FALSE,""
"236",1.39619274027006e-22,-0.159894292108223,0.653,0.682,3.64811201105165e-18,"BEX2","ENSG00000133134",84707,FALSE,""
"237",4.96305276614536e-38,-0.159746163262877,0.894,0.942,1.29679605726612e-33,"ZFHX4","ENSG00000091656",79776,FALSE,""
"238",1.79133516242445e-39,-0.159369390914259,0.734,0.754,4.68057964589884e-35,"TAF11","ENSG00000064995",6882,FALSE,""
"239",1.46164122213579e-59,0.159145309866896,0.237,0.125,3.81912234931861e-55,"ISLR","ENSG00000288508",3671,FALSE,""
"240",3.28428026610068e-29,0.158778713694725,0.738,0.655,8.58149590729447e-25,"ARHGAP28","ENSG00000088756",79822,FALSE,""
"241",9.76051715400436e-110,0.158635676956641,0.999,0.997,2.5503255271698e-105,"RPS10","ENSG00000124614",6204,FALSE,""
"242",9.8284510777051e-36,-0.158635652269544,0.885,0.885,2.56807598209356e-31,"EIF5B","ENSG00000158417",9669,FALSE,""
"243",4.22121357271824e-32,-0.158549391080385,0.319,0.399,1.10296089441555e-27,"PANTR1","ENSG00000233639",100506421,FALSE,""
"244",6.53034169930509e-41,-0.158281458733851,0.339,0.43,1.70631298261143e-36,"DHCR24","ENSG00000116133",1718,FALSE,""
"245",5.91790224474591e-36,-0.158248199025955,0.773,0.783,1.54628867752966e-31,"DDX1","ENSG00000079785",1653,FALSE,""
"246",2.69362343703832e-27,-0.15777642114886,0.537,0.575,7.03816867863742e-23,"ABRACL","ENSG00000146386",58527,FALSE,""
"247",2.50805139054584e-33,0.157751503469959,0.634,0.529,6.55328747835722e-29,"HLA-A","ENSG00000227715",3105,FALSE,""
"248",3.60401979158192e-30,0.15755080928855,0.97,0.951,9.4169433134244e-26,"TCF4","ENSG00000196628",6925,FALSE,""
"249",6.5237324157173e-19,-0.157450818048101,0.588,0.635,1.70458604290277e-14,"IER3","ENSG00000235030",8870,FALSE,""
"250",2.95075507591596e-43,0.157245513325091,0.922,0.861,7.71002793786082e-39,"RAB13","ENSG00000143545",5872,FALSE,""
"251",3.95897398689465e-40,0.15653303014574,0.865,0.79,1.0344403130357e-35,"SNHG32","ENSG00000229300",50854,FALSE,""
"252",6.29616439758746e-21,-0.155998303254415,0.511,0.553,1.64512479544563e-16,"FHL2","ENSG00000115641",2274,FALSE,""
"253",2.74976953438759e-51,0.155584043054873,0.941,0.891,7.18487281640135e-47,"GNAI2","ENSG00000114353",2771,FALSE,""
"254",8.01244517609937e-30,-0.155479046102334,0.944,0.934,2.093571800063e-25,"RANBP1","ENSG00000099901",5902,FALSE,""
"255",2.1446417196037e-22,0.155458983531016,0.42,0.331,5.60373434915251e-18,"LMNA","ENSG00000160789",4000,FALSE,""
"256",2.91588595791951e-44,0.155368701521983,0.979,0.957,7.6189184194479e-40,"PPDPF","ENSG00000125534",79144,FALSE,""
"257",3.5877110903312e-27,-0.155352588134319,0.564,0.595,9.37433030792638e-23,"CMSS1","ENSG00000184220",84319,FALSE,""
"258",2.86602502519673e-24,-0.155314269087162,0.433,0.486,7.48863678833653e-20,"CENPW","ENSG00000203760",387103,FALSE,""
"259",1.74242003676948e-31,-0.155050413433698,0.771,0.795,4.55276931407496e-27,"CHD7","ENSG00000171316",55636,FALSE,""
"260",2.30847523807094e-25,0.154964187998289,0.522,0.424,6.03181494955556e-21,"CDKN1C","ENSG00000273707",1028,FALSE,""
"261",7.64843939214467e-27,0.154899278058201,0.92,0.871,1.99846072877348e-22,"ZFHX3","ENSG00000140836",463,FALSE,""
"262",5.6278468250473e-34,0.154695281817449,0.912,0.847,1.47050009691661e-29,"NES","ENSG00000132688",10763,FALSE,""
"263",2.10928377677802e-28,-0.154634107612819,0.702,0.712,5.51134758034329e-24,"PAICS","ENSG00000128050",10606,FALSE,""
"264",1.2742846881058e-22,-0.154320132007371,0.861,0.876,3.32957846155164e-18,"ZFP36L2","ENSG00000152518",678,FALSE,""
"265",2.89870921128728e-18,-0.154314260022388,0.855,0.837,7.57403729817253e-14,"NME1","ENSG00000239672",4830,FALSE,""
"266",7.07121795870093e-35,0.15415784819018,0.133,0.07,1.84763854042897e-30,"C11orf96","ENSG00000187479",387763,FALSE,""
"267",2.92305821334469e-77,0.153484058632078,0.998,0.994,7.63765880564833e-73,"PFDN5","ENSG00000123349",5204,FALSE,""
"268",3.05110083346736e-51,0.153311728178966,0.249,0.145,7.97222136776686e-47,"HTRA1","ENSG00000166033",5654,FALSE,""
"269",6.23166249744958e-23,-0.15330559800888,0.509,0.559,1.6282710939586e-18,"MCM3","ENSG00000112118",4172,FALSE,""
"270",1.34943037306269e-41,0.153203199694979,0.977,0.956,3.5259266217755e-37,"ITM2C","ENSG00000135916",81618,FALSE,""
"271",3.79584362926643e-21,-0.152962731308117,0.604,0.638,9.91815981891025e-17,"PTPRD","ENSG00000282932",5789,FALSE,""
"272",3.50233439119654e-32,0.152753563671146,0.486,0.384,9.15124953075745e-28,"PLK2","ENSG00000145632",10769,FALSE,""
"273",9.75872974190066e-30,-0.151573808010792,0.635,0.659,2.54985849426122e-25,"SKA2","ENSG00000182628",348235,FALSE,""
"274",2.8492671904128e-51,0.151501621285859,0.99,0.976,7.44485024182961e-47,"CD81","ENSG00000110651",975,FALSE,""
"275",3.37702882628698e-37,0.151332857317728,0.643,0.522,8.82383862020524e-33,"MEST","ENSG00000106484",4232,FALSE,""
"276",5.85756228382889e-40,0.151249884049319,0.562,0.446,1.53052244914165e-35,"MYLIP","ENSG00000007944",29116,FALSE,""
"277",2.84512098214492e-44,0.151247553846392,0.992,0.98,7.43401661424647e-40,"NREP","ENSG00000134986",9315,FALSE,""
"278",1.0254091492766e-27,-0.150783393816595,0.683,0.708,2.67929156614482e-23,"DPYSL2","ENSG00000092964",1808,FALSE,""
"279",4.65137776824595e-62,0.150508342672649,0.277,0.158,1.21535849706498e-57,"TGFB2","ENSG00000092969",7042,FALSE,""
"280",9.99963970781335e-75,0.150443332230872,0.116,0.033,2.61280585925455e-70,"FILIP1","ENSG00000118407",27145,FALSE,""
"281",1.70323731012393e-46,0.150389096622352,0.868,0.774,4.45038876762282e-42,"C1orf122","ENSG00000197982",127687,FALSE,""
"282",3.49164308282832e-28,-0.149764502427071,0.356,0.427,9.12331421112211e-24,"MYCN","ENSG00000134323",4613,FALSE,""
"283",8.12273477941831e-47,0.149539793643881,0.393,0.272,2.12238937051421e-42,"MMP14","ENSG00000157227",4323,FALSE,""
"284",1.52941465196948e-16,-0.14938390765891,0.443,0.493,3.99620754413106e-12,"TYMS","ENSG00000176890",7298,FALSE,""
"285",3.21410279008881e-24,-0.149033825481589,0.962,0.96,8.39812918022306e-20,"HNRNPH1","ENSG00000284254",3187,FALSE,""
"286",3.01400210523653e-37,-0.148986486939824,0.977,0.969,7.87528610077253e-33,"HNRNPD","ENSG00000138668",3184,FALSE,""
"287",5.59841442669062e-22,-0.148960537523514,0.766,0.777,1.46280970554999e-17,"MSH6","ENSG00000116062",2956,FALSE,""
"288",1.32625961260405e-56,0.148771600966609,0.593,0.446,3.46538374177313e-52,"MGMT","ENSG00000170430",4255,FALSE,""
"289",5.09142610942107e-21,-0.148703595883908,0.558,0.591,1.33033872813063e-16,"GDF11","ENSG00000135414",10220,FALSE,""
"290",0.0579513608263196,-0.14868519098718,0.295,0.291,1,"FOSB","ENSG00000125740",2354,FALSE,""
"291",7.23792161428599e-24,-0.148683742054429,0.785,0.785,1.89119653859679e-19,"HDGF","ENSG00000143321",3068,FALSE,""
"292",1.66640877804606e-31,0.148224385916688,0.346,0.259,4.35415949615654e-27,"GAS2","ENSG00000148935",2620,FALSE,""
"293",2.16861812070609e-27,-0.148127451980868,0.48,0.537,5.66638228759293e-23,"FADS2","ENSG00000134824",9415,FALSE,""
"294",9.01900644259156e-20,0.148028388968947,0.793,0.737,2.35657619338475e-15,"MAP1B","ENSG00000131711",4131,FALSE,""
"295",7.59972552779937e-46,-0.147703139544927,0.183,0.272,1.9857322831587e-41,"RMRP","ENSG00000269900",6023,FALSE,""
"296",6.63658155822799e-22,-0.147378919013387,0.498,0.528,1.73407239534939e-17,"FASN","ENSG00000169710",2194,FALSE,""
"297",6.90723343916865e-23,0.14722886134437,0.238,0.171,1.80479102532038e-18,"ATP1A2","ENSG00000018625",477,FALSE,""
"298",1.92544046086953e-29,-0.146936091125369,0.494,0.55,5.030983380206e-25,"SLC38A1","ENSG00000111371",81539,FALSE,""
"299",1.19765759419955e-13,-0.146836500396801,0.982,0.977,3.129359527884e-09,"JUND","ENSG00000130522",3727,FALSE,""
"300",4.10030406832877e-43,0.14662402710072,0.821,0.727,1.07136845001362e-38,"TMED9","ENSG00000184840",54732,FALSE,""
"301",1.28090084359943e-34,-0.146606675191592,0.307,0.382,3.34686581424095e-30,"SNHG19","ENSG00000260260",NA,FALSE,""
"302",1.68211740791888e-19,0.14651103753592,0.488,0.407,4.39520457515124e-15,"MYH9","ENSG00000100345",4627,FALSE,""
"303",1.4700852160573e-44,-0.146507708225984,0.979,0.975,3.84118566103612e-40,"SNRPE","ENSG00000182004",6635,FALSE,""
"304",1.3743794760693e-42,-0.146488716547083,0.993,0.99,3.59111613302147e-38,"HNRNPA3","ENSG00000170144",220988,FALSE,""
"305",4.02013891052829e-31,0.146430999772239,0.955,0.933,1.05042209593194e-26,"PDIA3","ENSG00000167004",2923,FALSE,""
"306",1.99717417629176e-40,0.1464059392039,0.863,0.774,5.21841640523274e-36,"PLD3","ENSG00000105223",23646,FALSE,""
"307",2.19832580959539e-28,-0.146353133120722,0.919,0.904,5.7440055078918e-24,"SUPT16H","ENSG00000092201",11198,FALSE,""
"308",3.58465833228897e-30,0.146287783483237,0.964,0.936,9.36635375643785e-26,"ARPC2","ENSG00000163466",10109,FALSE,""
"309",9.74823628783754e-23,0.146008110745841,0.439,0.356,2.54711665964907e-18,"ITGA4","ENSG00000115232",3676,FALSE,""
"310",1.62325840376166e-36,-0.145355291026788,0.977,0.975,4.24141188318885e-32,"RBMX","ENSG00000147274",27316,FALSE,""
"311",3.59007520412061e-24,-0.145235409759849,0.953,0.943,9.38050750084674e-20,"HSPE1","ENSG00000115541",3336,FALSE,""
"312",1.28140829430079e-15,-0.144870506034141,0.202,0.257,3.34819173217855e-11,"TAC1","ENSG00000006128",6863,FALSE,""
"313",5.29558142144903e-60,-0.144852715971699,0.996,0.994,1.38368246961042e-55,"RPS26","ENSG00000197728",6231,FALSE,""
"314",2.36887780949773e-24,-0.144763795675444,0.519,0.564,6.18964082843662e-20,"CTNNAL1","ENSG00000119326",8727,FALSE,""
"315",1.80908692613292e-21,-0.144696636264977,0.57,0.599,4.72696322929271e-17,"CKS2","ENSG00000123975",1164,FALSE,""
"316",5.6118096276363e-22,-0.144230890697683,0.287,0.351,1.46630973760509e-17,"CENPU","ENSG00000151725",79682,FALSE,""
"317",1.16877670264032e-20,-0.144200732471345,0.919,0.909,3.0538966463289e-16,"EIF5A","ENSG00000288145",1984,FALSE,""
"318",1.12121444433103e-19,-0.144148970389613,0.939,0.943,2.92962122159256e-15,"SOX11","ENSG00000176887",6664,FALSE,""
"319",4.20054977197685e-42,0.144042356834498,0.594,0.472,1.09756164991983e-37,"NFIB","ENSG00000147862",4781,FALSE,""
"320",3.08855189682783e-18,-0.144003829839775,0.702,0.709,8.07007725122144e-14,"DDX21","ENSG00000165732",9188,FALSE,""
"321",2.26721750816977e-26,-0.143613107396991,0.827,0.826,5.92401262709679e-22,"TFDP2","ENSG00000114126",7029,FALSE,""
"322",5.46767881025341e-75,0.143599573223644,0.179,0.074,1.42864979633111e-70,"ENG","ENSG00000106991",2022,FALSE,""
"323",3.41389387892001e-25,0.143056739971326,0.658,0.572,8.92016331623009e-21,"PMEPA1","ENSG00000124225",56937,FALSE,""
"324",5.57281567865952e-49,0.142589063964421,0.997,0.992,1.45612100867695e-44,"UBC","ENSG00000150991",7316,FALSE,""
"325",7.69679363013134e-44,0.142531249677399,0.579,0.44,2.01109520761702e-39,"RBMS3","ENSG00000144642",27303,FALSE,""
"326",7.83336645860973e-59,0.141970176646117,0.515,0.366,2.04678032197014e-54,"SEC24D","ENSG00000150961",9871,FALSE,""
"327",4.27830870815349e-86,-0.141602854189959,1,1,1.11787928235343e-81,"RPL36A","ENSG00000241343",6173,FALSE,""
"328",6.36307243516331e-53,-0.141124495161121,1,1,1.66260719658382e-48,"PTMA","ENSG00000187514",5757,FALSE,""
"329",1.00226696793029e-48,0.141014594279019,1,0.999,2.61882336050507e-44,"MARCKS","ENSG00000277443",4082,FALSE,""
"330",4.66159567146281e-20,0.140804722240384,0.765,0.699,1.21802833299652e-15,"RAP1B","ENSG00000127314",5908,FALSE,""
"331",5.34722724712271e-23,-0.140736843369652,0.564,0.608,1.39717700740069e-18,"SLF1","ENSG00000133302",84250,FALSE,""
"332",6.09903326020754e-41,0.140665789089894,0.736,0.622,1.59361640055963e-36,"COPA","ENSG00000122218",1314,FALSE,""
"333",6.53916359814416e-48,0.140634870865803,0.699,0.571,1.70861805655909e-43,"JAK1","ENSG00000162434",3716,FALSE,""
"334",2.61132440246234e-16,0.140578902322565,0.572,0.502,6.82312953119384e-12,"MEF2C","ENSG00000081189",4208,FALSE,""
"335",1.23842711103648e-12,0.140245201319435,0.533,0.461,3.23588619842722e-08,"BNIP3","ENSG00000176171",664,FALSE,""
"336",2.62579680251455e-31,-0.140229620117826,0.825,0.829,6.86094446529027e-27,"DDX18","ENSG00000088205",8886,FALSE,""
"337",8.15591809248511e-26,-0.139875336176948,0.596,0.624,2.13105983838543e-21,"C8orf33","ENSG00000182307",65265,FALSE,""
"338",4.53010352888461e-17,-0.13978644549799,0.532,0.563,1.18367075106226e-12,"CKS1B","ENSG00000173207",1163,FALSE,""
"339",2.80942965780593e-25,-0.139704181925108,0.703,0.712,7.34075875288111e-21,"TDG","ENSG00000139372",6996,FALSE,""
"340",1.46993143247993e-29,-0.139689855754215,0.878,0.875,3.84078383992682e-25,"PRPF4B","ENSG00000112739",8899,FALSE,""
"341",2.55352238954284e-31,-0.139487121373871,0.866,0.859,6.67209865163648e-27,"TIMM8B","ENSG00000150779",26521,FALSE,""
"342",1.06821448394083e-48,-0.139485181675985,0.994,0.993,2.79113762508899e-44,"SON","ENSG00000159140",6651,FALSE,""
"343",1.59809527700245e-13,-0.139444434739552,0.665,0.666,4.1756631492797e-09,"DUT","ENSG00000128951",1854,FALSE,""
"344",8.27726379861681e-22,-0.139071881634008,0.592,0.616,2.16276625794059e-17,"WDR43","ENSG00000163811",23160,FALSE,""
"345",1.00485865127184e-29,-0.13893032077486,0.878,0.875,2.6255951699082e-25,"EIF1AX","ENSG00000173674",1964,FALSE,""
"346",5.19003658160078e-32,0.138399600859347,0.401,0.301,1.35610465840647e-27,"THSD7A","ENSG00000005108",221981,FALSE,""
"347",5.90466449389839e-15,-0.138397995001244,0.452,0.481,1.54282978561071e-10,"BTG3","ENSG00000281484",10950,FALSE,""
"348",1.05536191026902e-31,-0.13800560244039,0.997,0.997,2.75755513534191e-27,"HSP90AA1","ENSG00000080824",3320,FALSE,""
"349",2.19529578791697e-25,-0.137889024232162,0.311,0.384,5.73608836424825e-21,"NELL2","ENSG00000184613",4753,FALSE,""
"350",1.95012358810313e-28,-0.137382827409395,0.951,0.949,5.09547792335467e-24,"PRKDC","ENSG00000253729",5591,FALSE,""
"351",2.23119208082454e-39,0.137164794673675,0.833,0.749,5.82988178798643e-35,"ANXA6","ENSG00000197043",309,FALSE,""
"352",6.6583672164599e-48,-0.137132757642624,0.245,0.347,1.73976476998881e-43,"HAPLN1","ENSG00000145681",1404,FALSE,""
"353",1.27172507907413e-22,-0.136702532934337,0.848,0.833,3.32289045911278e-18,"C1QBP","ENSG00000108561",708,FALSE,""
"354",1.61948119149953e-28,0.13659191175446,0.656,0.565,4.23154240526913e-24,"DLC1","ENSG00000164741",10395,FALSE,""
"355",1.57968125671569e-34,0.136470240839625,0.446,0.341,4.12754915567243e-30,"HERPUD1","ENSG00000051108",9709,FALSE,""
"356",4.91323783176006e-33,0.13613508382444,0.785,0.701,1.28377991306059e-28,"MYDGF","ENSG00000074842",56005,FALSE,""
"357",4.04618830028682e-60,0.136122746463113,0.319,0.195,1.05722854098194e-55,"UNC5B","ENSG00000107731",219699,FALSE,""
"358",7.71898088533107e-21,-0.136086281202839,0.93,0.929,2.01689251552816e-16,"CCND2","ENSG00000118971",894,FALSE,""
"359",6.38947792886283e-26,-0.135936420393774,0.876,0.866,1.66950668803257e-21,"GLO1","ENSG00000124767",2739,FALSE,""
"360",2.77243387014832e-22,0.135576653715,0.986,0.972,7.24409245931054e-18,"GAS5","ENSG00000234741",60674,FALSE,""
"361",0.0282424156079677,-0.135530017417168,0.811,0.769,1,"IER5L","ENSG00000188483",389792,FALSE,""
"362",5.10852298841718e-19,0.135495790441071,0.97,0.956,1.33480597164352e-14,"KCNQ1OT1","ENSG00000269821",10984,FALSE,""
"363",3.9401446753938e-51,0.135451946454102,0.999,0.999,1.02952040223365e-46,"H3F3B",NA,NA,FALSE,""
"364",1.00808234882925e-13,-0.135317687390643,0.612,0.624,2.63401836925594e-09,"CYP51A1","ENSG00000001630",1595,FALSE,""
"365",3.79642524475019e-31,-0.135271940134122,0.992,0.987,9.91967952200778e-27,"HNRNPU","ENSG00000153187",3192,FALSE,""
"366",2.80157113671865e-151,-0.135025353115747,1,1,7.32022522313217e-147,"RPL41","ENSG00000229117",6171,FALSE,""
"367",5.28731115732809e-56,0.134723304977485,0.251,0.141,1.38152153229826e-51,"MEOX2","ENSG00000106511",4223,FALSE,""
"368",2.15152195854662e-65,0.134628007990075,0.245,0.131,5.62171172548646e-61,"LINGO1","ENSG00000169783",84894,FALSE,""
"369",5.27133364521841e-06,-0.134254405629426,0.829,0.818,0.137734676815912,"HES1","ENSG00000114315",3280,FALSE,""
"370",7.57305102811658e-48,-0.13387387953574,0.995,0.996,1.97876250313658e-43,"HNRNPK","ENSG00000165119",3190,FALSE,""
"371",1.18480737623664e-44,0.13374057103556,0.986,0.976,3.09578319336871e-40,"OST4","ENSG00000228474",100128731,FALSE,""
"372",8.19465573854352e-30,-0.13371346608346,0.252,0.322,2.14118159792404e-25,"REC8","ENSG00000285007",9985,FALSE,""
"373",3.33851712130273e-19,-0.133458607658542,0.513,0.547,8.7232113862519e-15,"BCL7A","ENSG00000282873",605,FALSE,""
"374",1.69354101336993e-45,0.133283923733761,0.179,0.096,4.42505331383429e-41,"CCDC102B","ENSG00000150636",79839,FALSE,""
"375",1.95985391110272e-26,-0.132886436901835,0.96,0.957,5.12090228432029e-22,"ANP32B","ENSG00000136938",10541,FALSE,""
"376",9.50265060237225e-91,0.132528068228754,0.251,0.115,2.48294757589384e-86,"TMEM204","ENSG00000131634",79652,FALSE,""
"377",1.45316729725075e-28,0.13243962656505,0.905,0.843,3.7969808309865e-24,"RABAC1","ENSG00000105404",10567,FALSE,""
"378",9.61946341742185e-07,-0.132137885412956,0.819,0.786,0.0251346959633816,"SEPTIN6","ENSG00000125354",23157,FALSE,""
"379",1.15862107524267e-47,-0.132085296987351,0.998,0.998,3.02736100750157e-43,"PPIA","ENSG00000196262",5478,FALSE,""
"380",4.11832341479276e-102,-0.131830968927658,1,0.999,1.0760767250512e-97,"RPL39","ENSG00000198918",6170,FALSE,""
"381",2.4051453765262e-52,0.131717346823702,0.171,0.085,6.2844043543253e-48,"GUCY1A1","ENSG00000164116",2982,FALSE,""
"382",1.69733142810039e-24,-0.131676780685735,0.904,0.895,4.4349572884835e-20,"NDUFA3","ENSG00000275724",4696,FALSE,""
"383",8.09723397368909e-17,0.131220297249982,0.51,0.438,2.11572626498522e-12,"SPATS2L","ENSG00000196141",26010,FALSE,""
"384",6.22319531028517e-30,-0.131084394009162,0.963,0.953,1.62605870262441e-25,"APEX1","ENSG00000100823",328,FALSE,""
"385",3.69967472092437e-24,-0.130635854507664,0.141,0.198,9.6668800783033e-20,"EGR3","ENSG00000179388",1960,FALSE,""
"386",4.03773139493817e-20,-0.130552408981168,0.547,0.597,1.05501883618339e-15,"CLMP","ENSG00000166250",79827,FALSE,""
"387",1.65422667942796e-21,0.130512749795854,0.919,0.879,4.32232889067731e-17,"SH3BGRL3","ENSG00000142669",83442,FALSE,""
"388",1.69334205945783e-45,0.130390455226664,0.114,0.048,4.42453346715737e-41,"HLA-B","ENSG00000206450",3106,FALSE,""
"389",4.52982732154455e-40,0.130317657371304,0.376,0.266,1.18359858084637e-35,"ITPR1","ENSG00000150995",3708,FALSE,""
"390",4.53773774798236e-72,0.130272517300318,0.281,0.153,1.18566549617031e-67,"DOCK10","ENSG00000135905",55619,FALSE,""
"391",6.06631273439071e-25,0.130241837172504,0.7,0.611,1.58506685436895e-20,"AMOTL1","ENSG00000166025",154810,FALSE,""
"392",1.44969815697347e-41,-0.129894058731232,0.995,0.995,3.78791631435598e-37,"TMA7","ENSG00000232112",51372,FALSE,""
"393",2.15165436204887e-33,0.129859773815386,0.603,0.492,5.62205768259749e-29,"SETBP1","ENSG00000152217",26040,FALSE,""
"394",1.37478281263493e-19,-0.129641060625982,0.606,0.625,3.59217001113381e-15,"SLC39A10","ENSG00000196950",57181,FALSE,""
"395",1.24784806169765e-20,-0.129294928520482,0.892,0.886,3.26050220040978e-16,"CCT5","ENSG00000150753",22948,FALSE,""
"396",1.57566816780231e-14,-0.129262049525463,0.366,0.405,4.11706335565066e-10,"ETS2","ENSG00000157557",2114,FALSE,""
"397",1.7386922987736e-52,0.129043756931967,0.209,0.113,4.54302910746554e-48,"SGK1","ENSG00000118515",6446,FALSE,""
"398",4.48464241853753e-29,-0.128949952248265,0.879,0.879,1.17179221753967e-24,"PARP1","ENSG00000143799",142,FALSE,""
"399",9.23805851552026e-11,0.128776788424293,0.532,0.467,2.41381230952029e-06,"COL18A1","ENSG00000182871",80781,FALSE,""
"400",1.34145494670382e-29,0.128448648329329,0.224,0.152,3.5050876302424e-25,"TSPO","ENSG00000100300",706,FALSE,""
"401",7.64523139983171e-39,0.128186141366318,0.299,0.2,1.99762251246203e-34,"SULF1","ENSG00000137573",23213,FALSE,""
"402",9.95457655682962e-21,-0.128008915481708,0.594,0.624,2.60103130853401e-16,"FAM107B","ENSG00000065809",83641,FALSE,""
"403",4.12504321653485e-13,-0.127977793505635,0.909,0.892,1.07783254204839e-08,"HIST1H4C",NA,NA,FALSE,""
"404",8.11976897887081e-47,0.127876210221825,0.202,0.112,2.12161443648915e-42,"TGFB1","ENSG00000105329",7040,FALSE,""
"405",2.34457572867842e-19,-0.127372101764123,0.501,0.534,6.12614192146385e-15,"AC069277.1",NA,NA,FALSE,""
"406",1.24423358607629e-32,0.127259838303212,0.946,0.903,3.25105793705873e-28,"ARPC3","ENSG00000111229",10094,FALSE,""
"407",1.72894443410544e-37,0.127254620313327,0.952,0.914,4.5175589118741e-33,"MGST3","ENSG00000143198",4259,FALSE,""
"408",6.84858704184731e-17,0.127166600948618,0.646,0.572,1.78946730816428e-12,"SUCO","ENSG00000094975",51430,FALSE,""
"409",8.40585453636114e-43,0.126808399659752,0.474,0.348,2.1963657318058e-38,"MAP1LC3A","ENSG00000101460",84557,FALSE,""
"410",4.41603636929221e-20,0.126795873626731,0.777,0.714,1.15386614293236e-15,"TRIL","ENSG00000255690",9865,FALSE,""
"411",5.14587286585188e-18,0.126763767818102,0.942,0.913,1.34456512111844e-13,"PRRX1","ENSG00000116132",5396,FALSE,""
"412",3.4078244811001e-18,-0.126550306721275,0.384,0.442,8.90430458666644e-14,"MCM4","ENSG00000104738",4173,FALSE,""
"413",9.55378253281017e-23,-0.126326817383919,0.926,0.915,2.49630783799797e-18,"SNRPB","ENSG00000125835",6628,FALSE,""
"414",6.28957513647199e-44,0.126272737184855,0.355,0.244,1.64340308740877e-39,"TGFB1I1","ENSG00000140682",7041,FALSE,""
"415",9.44654578397793e-23,-0.126042162472291,0.259,0.317,2.46828794789559e-18,"RFC3","ENSG00000133119",5983,FALSE,""
"416",4.78805894608324e-21,-0.12583175395649,0.553,0.583,1.25107192202209e-16,"RRP15","ENSG00000067533",51018,FALSE,""
"417",1.81240514907688e-15,0.125798637680919,0.681,0.619,4.73563341402298e-11,"KLF6","ENSG00000067082",1316,FALSE,""
"418",4.80258425755585e-13,-0.125543690950937,0.381,0.415,1.25486724065677e-08,"CKAP2","ENSG00000136108",26586,FALSE,""
"419",2.26400712013646e-15,0.125447738397783,0.308,0.243,5.91562420420455e-11,"SLC1A3","ENSG00000079215",6507,FALSE,""
"420",3.77085646810884e-39,0.125353018910132,0.129,0.063,9.85287086552158e-35,"PDGFA","ENSG00000197461",5154,FALSE,""
"421",5.654268512213e-16,-0.124780407020189,0.327,0.378,1.47740381955613e-11,"ORC6","ENSG00000091651",23594,FALSE,""
"422",4.0430763054154e-13,0.124603487253159,0.521,0.45,1.05641540784199e-08,"CARMN","ENSG00000249669",NA,FALSE,""
"423",2.35180970683924e-18,-0.1245327765381,0.811,0.807,6.14504358300024e-14,"ANP32E","ENSG00000143401",81611,FALSE,""
"424",0.000541150079652883,0.124413241868709,0.971,0.97,1,"ITGB1","ENSG00000150093",3688,FALSE,""
"425",5.63861565621989e-39,0.124288401908546,0.422,0.311,1.47331388481369e-34,"IL6ST","ENSG00000134352",3572,FALSE,""
"426",4.17840696765655e-45,0.124173843753676,0.511,0.38,1.09177595657898e-40,"KCNMB4","ENSG00000135643",27345,FALSE,""
"427",9.10444574136679e-16,-0.124069418880653,0.822,0.817,2.37890062776173e-11,"TMPO","ENSG00000120802",7112,FALSE,""
"428",3.2081122182987e-15,-0.12345314988955,0.389,0.432,8.38247641519266e-11,"C1GALT1","ENSG00000106392",56913,FALSE,""
"429",1.45892302901611e-18,-0.123251156770218,0.629,0.659,3.81201998251619e-14,"LMNB1","ENSG00000113368",4001,FALSE,""
"430",1.20854023448153e-27,0.123212544830947,0.999,1,3.1577947786768e-23,"TMSB10","ENSG00000034510",9168,FALSE,""
"431",4.96549418560218e-15,-0.123004168145505,0.265,0.315,1.29743397575599e-10,"DCX","ENSG00000077279",1641,FALSE,""
"432",3.49171945087242e-19,-0.122946102680151,0.899,0.893,9.12351375318454e-15,"FAM133B","ENSG00000234545",257415,FALSE,""
"433",6.66923689211057e-33,0.122937731242497,0.829,0.739,1.74260490753957e-28,"FKBP10","ENSG00000141756",60681,FALSE,""
"434",6.65152316644277e-38,-0.122420446118428,0.995,0.994,1.73797648815983e-33,"SRSF3","ENSG00000112081",6428,FALSE,""
"435",6.24623150664979e-20,-0.122340116524318,0.902,0.891,1.63207783037252e-15,"CNBP","ENSG00000169714",7555,FALSE,""
"436",3.16509466529244e-71,0.122306256640832,0.224,0.106,8.27007585094263e-67,"TBX15","ENSG00000092607",6913,FALSE,""
"437",1.45411419618512e-15,-0.122246234523184,0.519,0.555,3.7994549832121e-11,"PCDH7","ENSG00000169851",5099,FALSE,""
"438",2.19238735107591e-20,0.122076394690668,0.156,0.103,5.72848890962623e-16,"EGFL6","ENSG00000198759",25975,FALSE,""
"439",3.58039948543463e-10,-0.121703525605773,0.208,0.243,9.35522581549215e-06,"NR4A1","ENSG00000123358",3164,FALSE,""
"440",2.74899184389973e-67,0.121557420151134,0.151,0.058,7.18284078892561e-63,"COL21A1","ENSG00000124749",81578,FALSE,""
"441",3.70488196489778e-60,0.121427111486569,0.125,0.046,9.68048608608142e-56,"CFI","ENSG00000205403",3426,FALSE,""
"442",2.71070779733162e-08,-0.121183719127619,0.881,0.874,0.00070828084036478,"IER2","ENSG00000160888",9592,FALSE,""
"443",1.51046133303696e-42,-0.120980688986881,0.159,0.244,3.94668441709228e-38,"LRATD2","ENSG00000168672",157638,FALSE,""
"444",3.33590485271029e-51,0.120880312081163,1,1,8.71638578964672e-47,"ACTG1","ENSG00000184009",71,FALSE,""
"445",2.39115850866004e-29,-0.120712388980449,0.896,0.92,6.24785806727781e-25,"FRZB","ENSG00000162998",2487,FALSE,""
"446",1.09743836593229e-29,0.120670261997123,0.991,0.981,2.86749670634448e-25,"SEPTIN7","ENSG00000122545",989,FALSE,""
"447",7.86298995819663e-06,0.120656507989032,0.784,0.778,0.20545206461772,"ID2","ENSG00000115738",3398,FALSE,""
"448",4.7099967017087e-30,-0.120643446461847,0.977,0.97,1.23067503818947e-25,"NONO","ENSG00000147140",4841,FALSE,""
"449",2.60776055706543e-20,-0.120556387499249,0.732,0.743,6.81381755955626e-16,"GLI3","ENSG00000106571",2737,FALSE,""
"450",2.14976218991716e-78,0.120254860116284,0.162,0.06,5.61711362603454e-74,"OPTN","ENSG00000123240",10133,FALSE,""
"451",1.11661310598599e-31,-0.119904702154901,0.989,0.987,2.91759838463078e-27,"ST13","ENSG00000100380",6767,FALSE,""
"452",5.76768010234359e-16,-0.119864043791335,0.687,0.688,1.50703713394136e-11,"GNL3","ENSG00000163938",26354,FALSE,""
"453",1.47190864552197e-19,-0.11973388920979,0.902,0.897,3.84595009988435e-15,"C4orf48","ENSG00000243449",401115,FALSE,""
"454",2.04910059230189e-21,-0.119150429457067,0.489,0.532,5.3540949376256e-17,"EBP","ENSG00000147155",10682,FALSE,""
"455",1.84850817649019e-40,0.119111081717686,0.314,0.21,4.82996701435123e-36,"FAM114A1","ENSG00000197712",92689,FALSE,""
"456",4.43796242540804e-19,-0.118967016350169,0.575,0.604,1.15959520213487e-14,"KLHL23","ENSG00000213160",100526832,FALSE,""
"457",2.40446985469702e-07,-0.118316277041742,0.313,0.338,0.00628263928333783,"BEX1","ENSG00000133169",55859,FALSE,""
"458",8.03669837883709e-20,0.117957425072015,0.75,0.693,2.09990891940634e-15,"COL26A1","ENSG00000160963",136227,FALSE,""
"459",3.7404189601887e-22,-0.117705923781083,0.997,0.996,9.77334070107705e-18,"CALD1","ENSG00000122786",800,FALSE,""
"460",2.39810725491846e-20,0.117525399676358,0.549,0.458,6.26601444637645e-16,"SEMA3A","ENSG00000075213",10371,FALSE,""
"461",6.76847700307091e-14,-0.117495587006374,0.672,0.676,1.7685353561324e-09,"CEBPZ","ENSG00000115816",10153,FALSE,""
"462",2.63792104232292e-11,-0.117325026061522,0.664,0.662,6.89262389148555e-07,"SMC1A","ENSG00000072501",8243,FALSE,""
"463",8.34513738118601e-16,-0.117006372385799,0.446,0.485,2.18050094633009e-11,"RRM1","ENSG00000167325",6240,FALSE,""
"464",1.10823763821852e-71,-0.116873523110916,1,1,2.89571412490118e-67,"RPL36","ENSG00000130255",25873,FALSE,""
"465",8.04165128449252e-33,-0.11676131485817,0.995,0.995,2.10120306412505e-28,"STMN1","ENSG00000117632",3925,FALSE,""
"466",4.99369586896581e-28,0.11664015995048,0.904,0.841,1.30480279360208e-23,"VPS28","ENSG00000285339",51160,FALSE,""
"467",4.02390350022574e-23,-0.116435906465953,0.983,0.973,1.05140574557398e-18,"PNN","ENSG00000100941",5411,FALSE,""
"468",8.42599010329064e-14,-0.116121308138243,0.667,0.676,2.20162695408881e-09,"DNMT1","ENSG00000130816",1786,FALSE,""
"469",4.87543307872328e-25,0.115911942336383,0.796,0.713,1.27390190913961e-20,"PGAM1","ENSG00000171314",5223,FALSE,""
"470",1.02882607957328e-18,-0.115873299551276,0.801,0.806,2.68821966331703e-14,"CYCS","ENSG00000172115",54205,FALSE,""
"471",1.97991026901656e-57,0.115802592391057,0.215,0.112,5.17330754191337e-53,"DKK3","ENSG00000050165",27122,FALSE,""
"472",2.81443741679951e-45,0.115730089305993,0.999,0.999,7.35384352635544e-41,"EIF1","ENSG00000173812",10209,FALSE,""
"473",1.38043153930324e-65,-0.115711721802378,0.032,0.101,3.60692956904544e-61,"SPOCK3","ENSG00000196104",50859,FALSE,""
"474",4.03628346109783e-20,-0.115590236217085,0.918,0.897,1.05464050555025e-15,"SRSF2","ENSG00000161547",6427,FALSE,""
"475",3.42180516564261e-17,-0.115466732799049,0.353,0.4,8.94083471730759e-13,"ATAD5","ENSG00000176208",79915,FALSE,""
"476",9.0141656545962e-33,0.115448288606395,0.343,0.246,2.35531134388944e-28,"RAPH1","ENSG00000173166",65059,FALSE,""
"477",3.42052848444874e-21,0.115317765777006,0.737,0.648,8.93749887701613e-17,"SSBP4","ENSG00000130511",170463,FALSE,""
"478",0.000941896584322812,-0.115317425083574,0.748,0.749,1,"CCN1","ENSG00000142871",3491,FALSE,""
"479",2.61789642209266e-23,-0.114922815299303,0.94,0.932,6.8403015612859e-19,"SNRPB2","ENSG00000125870",6629,FALSE,""
"480",1.96645743242729e-43,0.114722213536083,0.343,0.233,5.13815662518927e-39,"FZD1","ENSG00000157240",8321,FALSE,""
"481",3.5386448905712e-26,0.114526250412895,0.105,0.056,9.24612523457349e-22,"NECTIN3-AS1","ENSG00000242242",NA,FALSE,""
"482",2.12749340478477e-25,0.114326414199143,0.622,0.531,5.55892751736213e-21,"EMILIN1","ENSG00000138080",11117,FALSE,""
"483",2.11868586986574e-15,-0.114292820375198,0.429,0.466,5.53591430937218e-11,"CENPH","ENSG00000153044",64946,FALSE,""
"484",7.14638473373764e-18,0.11427194230524,1,1,1.86727886707831e-13,"MALAT1","ENSG00000251562",378938,FALSE,""
"485",2.1790934322454e-29,0.114204238567535,0.986,0.968,5.69375322911401e-25,"GPX4","ENSG00000167468",2879,FALSE,""
"486",1.57068318697091e-28,0.113989286530384,0.502,0.396,4.10403809923628e-24,"CYBA","ENSG00000051523",1535,FALSE,""
"487",1.48928083754349e-20,-0.113879181984961,0.97,0.967,3.89134190041739e-16,"DNAJA1","ENSG00000086061",3301,FALSE,""
"488",0.560912325951496,-0.113869248643334,0.542,0.503,1,"SERTAD1","ENSG00000197019",29950,FALSE,""
"489",5.79510097065381e-22,-0.113861775548503,0.352,0.405,1.51420193262213e-17,"E2F5","ENSG00000133740",1875,FALSE,""
"490",1.47741068285505e-34,0.113861707347532,0.636,0.513,3.86032637323197e-30,"SLC39A7","ENSG00000229802",7922,FALSE,""
"491",3.23289725082934e-33,0.113838249628985,0.391,0.29,8.44723722669198e-29,"SLFN5","ENSG00000166750",162394,FALSE,""
"492",1.41260669688103e-29,0.113661851635461,0.461,0.358,3.69100003828044e-25,"TFPI","ENSG00000003436",7035,FALSE,""
"493",1.11956287728764e-30,0.113490786561637,0.64,0.523,2.92530584206487e-26,"TIMP2","ENSG00000035862",7077,FALSE,""
"494",2.06728607013322e-20,-0.113369762455337,0.921,0.912,5.40161177265109e-16,"ZRANB2","ENSG00000132485",9406,FALSE,""
"495",2.89276220913542e-13,-0.113194153763154,0.532,0.545,7.55849837624994e-09,"CTXN1","ENSG00000178531",404217,FALSE,""
"496",6.41831334129123e-46,0.112984504411391,0.279,0.174,1.67704109294598e-41,"SH2D3C","ENSG00000095370",10044,FALSE,""
"497",1.21303943801972e-33,0.112629176133731,0.204,0.126,3.16955074760172e-29,"SELENOP","ENSG00000250722",6414,FALSE,""
"498",7.65256760587981e-26,0.112581534745559,0.849,0.78,1.99953938974034e-21,"HDLBP","ENSG00000115677",3069,FALSE,""
"499",1.04945079501562e-58,0.112581519626663,0.183,0.087,2.74210998229633e-54,"SEMA6D","ENSG00000137872",80031,FALSE,""
"500",4.87621047237693e-11,-0.112580927385268,0.267,0.311,1.27410503432737e-06,"CLSPN","ENSG00000092853",63967,FALSE,""
"501",3.09576872554771e-26,0.11220739545173,0.895,0.821,8.08893410298362e-22,"SAT2","ENSG00000141504",112483,FALSE,""
"502",1.63131848989991e-16,-0.112187580899281,0.724,0.719,4.26247208225946e-12,"DHX15","ENSG00000109606",1665,FALSE,""
"503",4.1123213312999e-26,0.112163357831112,0.573,0.47,1.07450844065535e-21,"PDLIM2","ENSG00000120913",64236,FALSE,""
"504",2.31999247695014e-21,0.112156842415609,0.614,0.527,6.06190834302302e-17,"HEY1","ENSG00000164683",23462,FALSE,""
"505",4.35779701963213e-55,0.112016580973834,0.25,0.14,1.13864878325968e-50,"PPIC","ENSG00000168938",5480,FALSE,""
"506",1.12350521636286e-21,0.11193986308834,0.589,0.498,2.93560677983451e-17,"EBF1","ENSG00000164330",1879,FALSE,""
"507",0.00259418239279748,0.111808806730975,0.711,0.677,1,"LRRC17","ENSG00000128606",10234,FALSE,""
"508",2.0906362958376e-21,-0.111651590233471,0.955,0.948,5.46262357739407e-17,"CBX1","ENSG00000108468",10951,FALSE,""
"509",3.38694743431776e-13,-0.111601256584316,0.494,0.514,8.84975495112889e-09,"DHX40","ENSG00000108406",79665,FALSE,""
"510",4.29809677286692e-18,0.111498864518897,0.698,0.617,1.1230497057824e-13,"SNAI2","ENSG00000019549",6591,FALSE,""
"511",2.90119304074695e-20,0.111298416500719,0.58,0.497,7.58052729616771e-16,"TRIB2","ENSG00000071575",28951,FALSE,""
"512",5.67678022058807e-21,0.111202648242227,0.535,0.457,1.48328590383746e-16,"RAB31","ENSG00000168461",11031,FALSE,""
"513",2.49580063452627e-22,0.111046132824874,0.894,0.844,6.5212774779537e-18,"SSR3","ENSG00000114850",6747,FALSE,""
"514",3.16801284372593e-21,0.110927198212347,0.611,0.522,8.27770075937147e-17,"XBP1","ENSG00000100219",7494,FALSE,""
"515",6.81496622371299e-23,-0.110890309802326,0.266,0.33,1.78068252459397e-18,"MCM2","ENSG00000073111",4171,FALSE,""
"516",1.83463535414796e-05,0.110843444082727,0.391,0.359,0.479371871685321,"RGS5","ENSG00000232995",8490,FALSE,""
"517",3.6880075669242e-23,-0.110761572305284,0.221,0.285,9.63639497161625e-19,"PLXNA2","ENSG00000076356",5362,FALSE,""
"518",1.08698508797085e-13,-0.110686015696851,0.583,0.591,2.84018333635904e-09,"RPA3","ENSG00000106399",6119,FALSE,""
"519",5.75389478272616e-25,0.110632852500934,0.358,0.274,1.50343516777852e-20,"STRA6","ENSG00000288257",64220,FALSE,""
"520",7.94872914153001e-22,-0.110579324763333,0.945,0.937,2.07692343739038e-17,"ILF3","ENSG00000129351",3609,FALSE,""
"521",2.04745452020777e-39,0.11056085067833,0.31,0.208,5.34979391585088e-35,"DSEL","ENSG00000262102",92126,FALSE,""
"522",9.17002848528711e-08,-0.110539921142861,0.507,0.521,0.00239603674292067,"PCNA","ENSG00000132646",5111,FALSE,""
"523",2.16289621031818e-12,-0.110475486432758,0.363,0.401,5.65143150794036e-08,"DHFR","ENSG00000228716",1719,FALSE,""
"524",1.32813880478939e-12,-0.110343737824525,0.558,0.575,3.47029388303421e-08,"CRNDE","ENSG00000245694",101927480,FALSE,""
"525",1.16727148345902e-16,-0.110288012506472,0.865,0.855,3.04996365913008e-12,"SYNCRIP","ENSG00000135316",10492,FALSE,""
"526",1.16336863575522e-20,-0.110255640490781,0.924,0.913,3.03976590836481e-16,"H2AFY",NA,NA,FALSE,""
"527",1.00421366349513e-28,0.110060583286842,0.498,0.393,2.62390988134642e-24,"CTSB","ENSG00000285132",1508,FALSE,""
"528",2.79994604001326e-16,-0.109865837003698,0.3,0.352,7.31597900795065e-12,"CHEK1","ENSG00000149554",1111,FALSE,""
"529",1.33914733775562e-26,0.109839354964193,0.343,0.257,3.49905807882165e-22,"JAG1","ENSG00000101384",182,FALSE,""
"530",1.78174616438299e-18,-0.109408287120319,0.857,0.858,4.65552455291631e-14,"PHF6","ENSG00000156531",84295,FALSE,""
"531",4.76525425702405e-14,-0.109321745199311,0.189,0.235,1.24511328481781e-09,"CAPN6","ENSG00000077274",827,FALSE,""
"532",2.85688034655056e-74,0.108860844328541,0.152,0.056,7.46474265750197e-70,"EFEMP2","ENSG00000172638",30008,FALSE,""
"533",4.31346703560313e-30,0.108746841567262,0.624,0.51,1.12706580173274e-25,"SCARB2","ENSG00000138760",950,FALSE,""
"534",8.195469619125e-29,0.108723207217111,0.666,0.561,2.14139425678117e-24,"SEC13","ENSG00000157020",6396,FALSE,""
"535",2.0597840598481e-18,-0.108718382265741,0.795,0.784,5.38200976997709e-14,"LUC7L2","ENSG00000146963",51631,FALSE,""
"536",2.38142807536319e-37,0.108616415696522,0.288,0.191,6.22243341811648e-33,"ATXN1","ENSG00000124788",6310,FALSE,""
"537",1.03271354948385e-11,0.108513264252905,0.197,0.155,2.69837723344635e-07,"LGALS3","ENSG00000131981",3958,FALSE,""
"538",0.0234413271226532,-0.108381553030874,0.485,0.473,1,"HMGB2","ENSG00000164104",3148,FALSE,""
"539",2.88297438973519e-25,0.108240525012672,0.948,0.908,7.53292378293907e-21,"WSB1","ENSG00000109046",26118,FALSE,""
"540",1.81669307210532e-24,0.108158545313174,0.631,0.531,4.74683732810399e-20,"ADGRL2","ENSG00000117114",23266,FALSE,""
"541",1.15018466969433e-25,0.108087270671978,0.296,0.218,3.0053175234443e-21,"COL9A3","ENSG00000092758",1299,FALSE,""
"542",7.36223928598663e-26,-0.108042496799692,0.998,0.999,1.92367950303545e-21,"HNRNPA2B1","ENSG00000122566",3181,FALSE,""
"543",0.00168739769098087,-0.107944382544944,0.319,0.325,1,"GADD45B","ENSG00000099860",4616,FALSE,""
"544",1.11750162931292e-20,0.107888410767214,0.433,0.353,2.91992000723174e-16,"MFAP4","ENSG00000166482",4239,FALSE,""
"545",1.33800193229604e-10,-0.107846634851719,0.621,0.624,3.49606524889634e-06,"FADS1","ENSG00000149485",3992,FALSE,""
"546",1.9832098409207e-23,0.107805391484883,0.827,0.737,5.18192899334169e-19,"COL5A2","ENSG00000204262",1290,FALSE,""
"547",3.94863992676096e-15,-0.107679278123618,0.417,0.449,1.03174012646337e-10,"WASF1","ENSG00000112290",8936,FALSE,""
"548",9.50994079090749e-05,0.107611116089176,0.918,0.92,1,"ID1","ENSG00000125968",3397,FALSE,""
"549",5.39642712507691e-24,0.107599641836812,0.38,0.291,1.41003244351135e-19,"DDIT4","ENSG00000168209",54541,FALSE,""
"550",9.96878337458544e-17,-0.107551222023712,0.183,0.231,2.60474340794543e-12,"SIX2","ENSG00000170577",10736,FALSE,""
"551",2.77199461781007e-14,-0.107315772613129,0.902,0.892,7.24294473687594e-10,"EIF2S2","ENSG00000125977",8894,FALSE,""
"552",1.15654393480494e-08,0.107304924280781,0.804,0.762,0.000302193364725184,"ATP2B1","ENSG00000070961",490,FALSE,""
"553",1.28640177663619e-27,0.107254770730117,0.256,0.176,3.36123920217271e-23,"MXRA8","ENSG00000162576",54587,FALSE,""
"554",3.13466440858915e-12,-0.107137902272421,0.574,0.586,8.19056463320259e-08,"ITGB3BP","ENSG00000142856",23421,FALSE,""
"555",3.18034343913033e-21,0.106977190511373,0.821,0.743,8.30991937210365e-17,"VGLL4","ENSG00000144560",9686,FALSE,""
"556",1.28684694635794e-11,-0.106826134206196,0.496,0.515,3.36240238613867e-07,"CCDC34","ENSG00000109881",91057,FALSE,""
"557",8.09567975311302e-14,-0.106732408233616,0.496,0.516,2.1153201626909e-09,"POLE3","ENSG00000148229",54107,FALSE,""
"558",7.88549307070025e-38,-0.106515643570221,0.999,1,2.06040048444327e-33,"HNRNPA1","ENSG00000135486",3178,FALSE,""
"559",1.6318635427755e-15,-0.106437076352857,0.745,0.747,4.2638962509181e-11,"DENR","ENSG00000139726",8562,FALSE,""
"560",3.47439456727544e-08,-0.106435371049993,0.725,0.721,0.0009078245564834,"PALM2-AKAP2",NA,NA,FALSE,""
"561",1.61714059488725e-12,0.106285687680961,0.866,0.816,4.2254266603809e-08,"FKBP1A","ENSG00000088832",2280,FALSE,""
"562",1.33220024047285e-17,0.106109740215199,0.516,0.433,3.4809060083315e-13,"FLRT2","ENSG00000185070",23768,FALSE,""
"563",3.7319478935033e-17,0.106073759009157,0.683,0.609,9.75120665093479e-13,"DST","ENSG00000151914",667,FALSE,""
"564",4.68286464954913e-13,-0.106025644384834,0.246,0.294,1.22358570428069e-08,"ATAD2","ENSG00000156802",29028,FALSE,""
"565",5.68808189334553e-18,-0.105808321828267,0.823,0.823,1.48623891791225e-13,"FUBP1","ENSG00000162613",8880,FALSE,""
"566",1.24248728118092e-15,-0.10574472898943,0.469,0.498,3.24649501699762e-11,"TMA16","ENSG00000198498",55319,FALSE,""
"567",5.50198962916381e-17,0.105625389588273,0.588,0.51,1.43761487020421e-12,"F2R","ENSG00000181104",2149,FALSE,""
"568",2.82731692587755e-36,0.105406923808607,0.453,0.337,7.38749639562546e-32,"HLA-E","ENSG00000206493",3133,FALSE,""
"569",8.3246480540296e-21,0.105394961078683,0.79,0.707,2.17514729003739e-16,"FRMD4A","ENSG00000151474",55691,FALSE,""
"570",2.83941298750162e-22,-0.10521834423108,0.98,0.977,7.41910219504297e-18,"TMEM258","ENSG00000134825",746,FALSE,""
"571",1.79257970798083e-19,-0.105137664238429,0.955,0.944,4.68383151898312e-15,"CCT2","ENSG00000166226",10576,FALSE,""
"572",3.6721422348702e-24,0.104965890392915,0.903,0.849,9.59494044549235e-20,"ARF4","ENSG00000168374",378,FALSE,""
"573",5.52366778432443e-06,0.104935558035655,0.935,0.916,0.144327915536613,"CALM1","ENSG00000198668",801,FALSE,""
"574",0.21577321266177,-0.104869883210697,0.388,0.382,1,"HAS2","ENSG00000170961",3037,FALSE,""
"575",3.53228757743048e-14,-0.104785927828728,0.173,0.219,9.22951421106811e-10,"MIA","ENSG00000261857",8190,FALSE,""
"576",7.29383021968347e-26,0.104767062208678,0.943,0.901,1.90580489810109e-21,"KRT10","ENSG00000186395",3858,FALSE,""
"577",2.96516402245748e-64,0.104626892564647,0.169,0.072,7.74767707427915e-60,"EBF2","ENSG00000221818",64641,FALSE,""
"578",1.11450490090533e-33,0.104388158557363,0.317,0.219,2.91208985557553e-29,"HIC1","ENSG00000177374",3090,FALSE,""
"579",1.41309634822379e-34,0.10434616581893,0.316,0.217,3.69227944827394e-30,"LIFR","ENSG00000113594",3977,FALSE,""
"580",1.07663408632091e-30,0.104320803036467,0.567,0.454,2.81313720414791e-26,"ARMCX6","ENSG00000198960",54470,FALSE,""
"581",4.72845679360613e-30,0.104153197870163,0.698,0.582,1.23549847560135e-25,"LRP1","ENSG00000123384",4035,FALSE,""
"582",5.98365486463272e-28,0.104129240677752,0.574,0.46,1.56346917957988e-23,"SNHG18","ENSG00000250786",NA,FALSE,""
"583",1.40283378102497e-30,0.104071573883653,0.665,0.554,3.66546438644015e-26,"NUCB1","ENSG00000104805",4924,FALSE,""
"584",3.4969675975744e-38,0.104038121861335,0.517,0.393,9.13722663570215e-34,"GSTK1","ENSG00000197448",373156,FALSE,""
"585",1.91630792336929e-22,-0.103961322722059,0.974,0.97,5.00712097297162e-18,"ATP5MF","ENSG00000241468",9551,FALSE,""
"586",6.12169966812469e-11,0.103833957291895,0.627,0.568,1.5995389062843e-06,"H2AFJ",NA,NA,FALSE,""
"587",5.73305662956004e-16,-0.103824804964929,0.234,0.283,1.49799036673774e-11,"EBF3","ENSG00000108001",253738,FALSE,""
"588",4.44757411233552e-11,-0.103803452025408,0.369,0.398,1.16210663981215e-06,"LATS2","ENSG00000150457",26524,FALSE,""
"589",3.92528460796903e-32,0.103778510487342,0.252,0.168,1.02563761521623e-27,"AC012645.1",NA,NA,FALSE,""
"590",2.70823272510291e-59,0.103770264376334,0.218,0.113,7.07634128742139e-55,"PLAGL1","ENSG00000118495",5325,FALSE,""
"591",4.04519250382648e-26,0.103745708992886,0.424,0.329,1.05696834932482e-21,"PLTP","ENSG00000100979",5360,FALSE,""
"592",1.19614377461817e-19,0.10372131264548,0.908,0.851,3.12540406869981e-15,"QPRT","ENSG00000103485",23475,FALSE,""
"593",3.08789264943566e-08,-0.103694711993138,0.814,0.815,0.000806835470371044,"SKIL","ENSG00000136603",6498,FALSE,""
"594",2.4960264237584e-28,0.103495580574458,0.96,0.922,6.52186744263831e-24,"KDELR1","ENSG00000105438",10945,FALSE,""
"595",6.54401867052672e-22,0.103426759895015,0.829,0.756,1.70988663842193e-17,"CKAP4","ENSG00000136026",10970,FALSE,""
"596",1.59238909246542e-25,0.103384115007674,0.485,0.386,4.16075345970289e-21,"EGFL7","ENSG00000172889",51162,FALSE,""
"597",1.06967670180505e-09,-0.10334889117671,0.552,0.595,2.7949582541464e-05,"L1TD1","ENSG00000240563",54596,FALSE,""
"598",1.10673788153125e-28,0.103317968253186,0.73,0.628,2.89179541065301e-24,"ADD1","ENSG00000087274",118,FALSE,""
"599",2.05432829954161e-31,0.103275946316719,0.157,0.09,5.36775441387227e-27,"NTM","ENSG00000182667",50863,FALSE,""
"600",4.69993846804697e-28,-0.103199444815321,0.996,0.996,1.22804692231599e-23,"LDHB","ENSG00000111716",3945,FALSE,""
"601",2.70884388948848e-37,0.103190370634732,0.13,0.064,7.07793819884445e-33,"MMRN1","ENSG00000138722",22915,FALSE,""
"602",4.31992447154424e-39,0.102829568903564,0.109,0.049,1.1287530651698e-34,"COL14A1","ENSG00000187955",7373,FALSE,""
"603",9.29676053579129e-23,0.102696491172642,0.654,0.553,2.42915056039691e-18,"KANK2","ENSG00000197256",25959,FALSE,""
"604",3.97805935189072e-32,0.102684193420689,0.466,0.356,1.03942712805553e-27,"CBLB","ENSG00000114423",868,FALSE,""
"605",8.8890535810692e-34,0.102561282957682,0.612,0.491,2.32262081019757e-29,"YPEL5","ENSG00000119801",51646,FALSE,""
"606",1.02190923025924e-14,-0.102436919499751,0.854,0.846,2.67014662774437e-10,"DHX9","ENSG00000135829",1660,FALSE,""
"607",3.7044949975609e-14,-0.102301836162684,0.657,0.661,9.67947497912687e-10,"TFAM","ENSG00000108064",7019,FALSE,""
"608",2.82507333497086e-30,0.102270049792355,0.675,0.567,7.38163411694535e-26,"TMEM263","ENSG00000151135",90488,FALSE,""
"609",5.26806040676623e-10,-0.102228946183282,0.449,0.47,1.37649150368395e-05,"CBX4","ENSG00000141582",8535,FALSE,""
"610",1.40408552630804e-19,0.10220734168082,0.669,0.585,3.66873507169028e-15,"LIMD2","ENSG00000136490",80774,FALSE,""
"611",2.61668855998917e-18,-0.102200582682922,0.914,0.911,6.83714553839571e-14,"XRN2","ENSG00000088930",22803,FALSE,""
"612",0.547891284883163,-0.102079101754733,0.3,0.296,1,"MYC","ENSG00000136997",4609,FALSE,""
"613",2.14815492402221e-21,0.101845872657156,0.882,0.826,5.61291400097762e-17,"WASF2","ENSG00000158195",10163,FALSE,""
"614",8.96143089363921e-10,-0.101513881338257,0.578,0.575,2.34153227819899e-05,"EZH2","ENSG00000106462",2146,FALSE,""
"615",1.55363446677124e-11,-0.101048029612408,0.394,0.435,4.05949149822656e-07,"GINS2","ENSG00000131153",51659,FALSE,""
"616",3.82474477877082e-23,0.101014372437523,0.9,0.838,9.99367563245028e-19,"C17orf49","ENSG00000258315",124944,FALSE,""
"617",4.80210466948111e-33,0.100984114480683,0.503,0.389,1.25474192908872e-28,"PRRC1","ENSG00000164244",133619,FALSE,""
"618",1.67220043429313e-09,-0.100940541390134,0.658,0.652,4.36929251476451e-05,"NR2F6","ENSG00000160113",2063,FALSE,""
"619",4.81194011409535e-13,-0.100917370212376,0.71,0.714,1.25731183241197e-08,"YWHAH","ENSG00000128245",7533,FALSE,""
"620",2.23649567222216e-11,-0.100230260108591,0.837,0.87,5.84373954194928e-07,"TGFBI","ENSG00000120708",7045,FALSE,""
